id,shop_id,shop_name,listing_count,e_time
1,21165865,DellaSvg,27,1568604944.7031257
2,21165655,VintageStyleSigns,35,1568604944.7031312
3,21163389,Sherwoodmore,27,1568604944.703135
4,21162583,PodMode,31,1568604944.703138
5,21162039,SmartSVGDesigns,121,1568604944.703141
6,21159771,Roseobelle,32,1568604944.703144
7,21158587,GregorySvg,28,1568604944.703147
8,21157113,ShirtsWorks,26,1568604944.7031496
9,21155263,CathlenBalonArtSVG,28,1568604944.7031527
10,21155083,DELLAJewelryDesigns,34,1568604944.7031555
