id,shop_id,shop_name,listing_count,e_time
1,21165865,DellaSvg,26,1568603742.5706582
2,21165655,VintageStyleSigns,30,1568603742.570664
3,21163389,Sherwoodmore,27,1568603742.5706677
4,21162583,PodMode,31,1568603742.570671
5,21162039,SmartSVGDesigns,121,1568603742.5706744
6,21159771,Roseobelle,32,1568603742.5706778
7,21158587,GregorySvg,28,1568603742.570681
8,21157113,ShirtsWorks,26,1568603742.5706842
9,21155263,CathlenBalonArtSVG,28,1568603742.5706873
10,21155083,DELLAJewelryDesigns,34,1568603742.5706904
