id,shop_id,shop_name,listing_count,e_time
1,21165865,DellaSvg,26,1568603311.6533594
2,21165655,VintageStyleSigns,30,1568603311.6533673
3,21163389,Sherwoodmore,27,1568603311.6533728
4,21162583,PodMode,31,1568603311.653377
5,21162039,SmartSVGDesigns,121,1568603311.6533818
6,21159771,Roseobelle,32,1568603311.6533866
7,21158587,GregorySvg,28,1568603311.6533906
8,21157113,ShirtsWorks,26,1568603311.6533947
9,21155263,CathlenBalonArtSVG,28,1568603311.6533992
10,21155083,DELLAJewelryDesigns,34,1568603311.6534038
