id,shop_id,shop_name,listing_count,e_time
1,21165865,DellaSvg,27,1568604118.9174645
2,21165655,VintageStyleSigns,35,1568604118.917481
3,21163389,Sherwoodmore,27,1568604118.9174933
4,21162583,PodMode,31,1568604118.9175045
5,21162039,SmartSVGDesigns,121,1568604118.9175155
6,21159771,Roseobelle,32,1568604118.9175274
7,21158587,GregorySvg,28,1568604118.9175386
8,21157113,ShirtsWorks,26,1568604118.9175491
9,21155263,CathlenBalonArtSVG,28,1568604118.9175584
10,21155083,DELLAJewelryDesigns,34,1568604118.9175687
