id,shop_id,shop_name,listing_count,e_time
1,21165865,DellaSvg,27,1568604237.8128724
2,21165655,VintageStyleSigns,35,1568604237.812879
3,21163389,Sherwoodmore,27,1568604237.8128831
4,21162583,PodMode,31,1568604237.8128865
5,21162039,SmartSVGDesigns,121,1568604237.8128898
6,21159771,Roseobelle,32,1568604237.812893
7,21158587,GregorySvg,28,1568604237.812896
8,21157113,ShirtsWorks,26,1568604237.812899
9,21155263,CathlenBalonArtSVG,28,1568604237.8129022
10,21155083,DELLAJewelryDesigns,34,1568604237.8129053
