id,shop_id,shop_name,listing_count,e_time
1,21193183,FunFunShirtKh,43,1568918403.9823978
2,21189719,hannahrainfinegold,26,1568918403.9824123
3,21187207,TampaCoinRings,59,1568918403.982422
4,21186617,MyshirtsandmugsShop,73,1568918403.98243
5,21184843,KratiTapestry,27,1568918403.9824386
6,21184515,SacraViaShop,33,1568918403.982447
7,21184151,Longbanhbeo,103,1568918403.9824548
8,21184005,Ibrahandicrafts,36,1568918403.9824622
9,21183671,SugarPearlDesignCo,30,1568918403.98247
10,21183409,ChrisLottShop,30,1568918403.9824777
