id,shop_id,shop_name,listing_count,e_time
1,21162583,PodMode,31,1568598069.2220392
2,21162039,SmartSVGDesigns,121,1568598069.2220473
3,21159771,Roseobelle,32,1568598069.2220523
4,21158587,GregorySvg,28,1568598069.2220564
5,21155263,CathlenBalonArtSVG,28,1568598069.2220604
6,21155083,DELLAJewelryDesigns,34,1568598069.2220652
7,21155035,LittleGoblinGarments,27,1568598069.2220697
8,21154863,HeArtsandDesign,30,1568598069.2220736
9,21153881,BUNGKUSROKOK,27,1568598069.2220776
10,21153458,TinasArtforms,31,1568598069.2220814
