id,shop_id,shop_name,listing_count,e_time
1,21165865,DellaSvg,26,1568603867.764429
2,21165655,VintageStyleSigns,33,1568603867.764433
3,21163389,Sherwoodmore,27,1568603867.7644358
4,21162583,PodMode,31,1568603867.7644384
5,21162039,SmartSVGDesigns,121,1568603867.7644403
6,21159771,Roseobelle,32,1568603867.7644427
7,21158587,GregorySvg,28,1568603867.7644446
8,21157113,ShirtsWorks,26,1568603867.7644467
9,21155263,CathlenBalonArtSVG,28,1568603867.764449
10,21155083,DELLAJewelryDesigns,34,1568603867.7644508
