id,shop_id,shop_name,listing_count,e_time
1,21165865,DellaSvg,27,1568604497.7576916
2,21165655,VintageStyleSigns,35,1568604497.7577004
3,21163389,Sherwoodmore,27,1568604497.7577064
4,21162583,PodMode,31,1568604497.7577114
5,21162039,SmartSVGDesigns,121,1568604497.7577162
6,21159771,Roseobelle,32,1568604497.7577212
7,21158587,GregorySvg,28,1568604497.7577255
8,21157113,ShirtsWorks,26,1568604497.7577295
9,21155263,CathlenBalonArtSVG,28,1568604497.757734
10,21155083,DELLAJewelryDesigns,34,1568604497.7577386
