id,shop_id,shop_name,listing_count,e_time
1,21159771,Roseobelle,32,1568566742.9277003
2,21158587,GregorySvg,28,1568566742.927708
3,21155263,CathlenBalonArtSVG,28,1568566742.9277127
4,21155083,DELLAJewelryDesigns,34,1568566742.9277174
5,21155035,LittleGoblinGarments,27,1568566742.9277222
6,21154863,HeArtsandDesign,30,1568566742.9277263
7,21153881,BUNGKUSROKOK,27,1568566742.9277308
8,21152823,TOEBROOTWORLD,29,1568566742.9277349
9,21152773,ArtesianHandcraft,58,1568566742.9277391
10,21152547,INDIANBLOUSESStudio,29,1568566742.9277432
