id,shop_id,shop_name,listing_count,e_time
1,21165865,DellaSvg,27,1568604639.321274
2,21165655,VintageStyleSigns,35,1568604639.32129
3,21163389,Sherwoodmore,27,1568604639.3213012
4,21162583,PodMode,31,1568604639.3213117
5,21162039,SmartSVGDesigns,121,1568604639.3213217
6,21159771,Roseobelle,32,1568604639.3213315
7,21158587,GregorySvg,28,1568604639.321341
8,21157113,ShirtsWorks,26,1568604639.32135
9,21155263,CathlenBalonArtSVG,28,1568604639.3213596
10,21155083,DELLAJewelryDesigns,34,1568604639.32137
