id,shop_id,shop_name,listing_count,e_time
1,21162039,SmartSVGDesigns,121,1568572639.7304826
2,21159771,Roseobelle,32,1568572639.7304878
3,21158587,GregorySvg,28,1568572639.730491
4,21155263,CathlenBalonArtSVG,28,1568572639.7304935
5,21155083,DELLAJewelryDesigns,34,1568572639.730496
6,21155035,LittleGoblinGarments,27,1568572639.7304988
7,21154863,HeArtsandDesign,30,1568572639.7305012
8,21153881,BUNGKUSROKOK,27,1568572639.7305038
9,21152823,TOEBROOTWORLD,29,1568572639.730506
10,21152773,ArtesianHandcraft,58,1568572639.7305083
